name,lat,lon,category,desc1,desc2,desc3,desc4,desc5
"Biobauernhof Scheurenhöfchen",50.9738375190915,7.246630908333511,bio,"Bio-Landwirtschaftsbetrieb","Scheurenhöfchen 1, 51429 Bergisch Gladbach","<a href=""https://scheurenhöfchen.de"" target=""_blank"" rel=""noopener"">scheurenhöfchen.de</a>",,
"Alnatura",50.99388887760864,7.147232734203713,bio,"Bio-Supermarkt im Strundepark","Kürtener Straße 1, 51465 Bergisch Gladbach",,,
"Denns Biomarkt",50.984220969233085,7.120718055257108,bio,"Bio-Supermarkt","Richard-Zanders-Straße 6, 51465 Bergisch Gladbach",,,
"Büggel",50.999692053109364,7.099740381919315,bio,"Unverpackt-Laden in Paffrath","Nußbaumer Str. 7, 51469 Bergisch Gladbach","<a href=""https://bueggel-unverpackt.de"" target=""_blank"" rel=""noopener"">bueggel-unverpackt.de</a>",,
"Klefhof",50.98555915084455,7.245144844661729,bio,"Bio-Bauernhof und Lernort im Bergischen Land","Klefhaus 10, 51491 Overath","<a href=""https://klefhof.de"" target=""_blank"" rel=""noopener"">klefhof.de</a>",,
"Naturkost Refrath",50.95646508745058,7.114921821858898,bio,"Bioladen","Dolmanstraße 6 -10, 51427 Bergisch Gladbach",,,
"Naturwaren Böhnke",50.96452544370829,7.1030008328056145,bio,"Bioladen","Brandroster 38, 51427 Bergisch Gladbach",,,
"Veganland",50.99118771853806,7.128502893599267,vegan,"Veganer Schnellimbiss in der Stadtmitte, auch zum Mitnehmen oder liefern lassen","Hauptstraße 174, 51465 Bergisch Gladbach",,,
"Tandoor House",50.96611872128222,7.156954375432551,vegan,"Indisches Restaurant in Bensberg mit vielen veganen Optionen, auch als Lieferservice","Kölner Str. 1a, 51429 Bergisch Gladbach",,,
"Bücherschrank",50.991724448181,7.1310789377434505,secondhand,"Konrad-Adenauer-Platz",,,,
"Bücherschrank",50.99244329321569,7.132871796386903,secondhand,"im Erdgeschoss der VHS",,,,
"Bücherschrank",50.99831633267691,7.152605061335234,secondhand,"Rommerscheider Höhe Ecke Rommerscheid",,,,
"Bücherschrank",51.01494790185004,7.082242180676871,secondhand,"Karl-Giesen-Str. (am Spielplatz)",,,,
"Bücherschrank",50.957912358344736,7.116778078238181,secondhand,"Kirchplatz",,,,
"Bücherschrank",50.958900867406136,7.16574206380509,secondhand,"Reginharstraße",,,,
"Repaircafé",50.991726049039315,7.134383040510852,secondhand,"jeden 3. Sa im Monat 10-12 Uhr im Mittendrin","Hauptstraße 249, 51465 Bergisch Gladbach","<a href=""https://www.bavweb.de/index.php"" target=""_blank"" rel=""noopener"">bavweb.de</a>",,
"ADRA-Shop",50.99245204310804,7.144594291850431,secondhand,"Second-Hand-Laden","Hauptstraße 362-364, 51465 Bergisch Gladbach","<a href=""http://www.adrashop.de/"" target=""_blank"" rel=""noopener"">adrashop.de</a>",,
"Secondhand-Halle Emmaus",50.98015417853998,7.100911916752401,secondhand,"Gebrauchtwaren, Secondhand-Halle","Schlodderdicher Weg 48, 51469 Bergisch Gladbach","(0172) 2465918",,
"Eine-Welt-Laden",50.991568039530584,7.13361156400527,secondhand,"im Forum","Hauptstraße 250, 51465 Bergisch Gladbach",,,
"Umsonstladen im Nachbarschaftszentrum Manfort",51.033929603076466,7.022073882023803,secondhand,"Begegnungsort und Umsonstladen","Hauptstraße 250, 51465 Bergisch Gladbach","<a href=""https://www.diakonie-leverkusen.de/rat-und-tat/sozialraumorientierte-projekte/nachbarschaftszentrum-manfort/"" target=""_blank"" rel=""noopener"">diakonie-leverkusen.de</a>",,
"Umsonstladen im Autonomen Zentrum Köln",50.92371010211409,6.936408159535805,secondhand,"Jeden Sonntag, 10-15 Uhr","Luxemburger Str. 93, 50939 Köln","<a href=""https://az-koeln.org/umsonstladen/"" target=""_blank"" rel=""noopener"">az-koeln.org</a>",,
"Second-Hand-Laden Mühlheim",50.971769232250594,7.0028466229303135,secondhand,"Dienstags & Freitags, 14-18 Uhr","Düsseldorfer Str. 74, 51063 Köln","<a href=""https://www.ssm-koeln.org/"" target=""_blank"" rel=""noopener"">ssm-koeln.org</a>",,
"Second-Hand-Möbel Mühlheim",50.97766249357925,6.999781881403344,secondhand,"Dienstags & Freitags, 14-18 Uhr","Am Faulbach 2, 51063 Köln","<a href=""https://www.ssm-koeln.org/"" target=""_blank"" rel=""noopener"">ssm-koeln.org</a>",,
"Stadtbücherei",50.99143808609452,7.133678061088195,ausleihen,"Bücher, Hörbücher, Musik, Filme - sowohl vor Ort als auch online über onleihe und filmfriend","Arbeitsplätze, Internet, W-Lan, Videospiele, 3D-Drucker","Hauptstraße 250, 51465 Bergisch Gladbach","<a href=""https://www.bergischgladbach.de/buecherei.aspx"" target=""_blank"" rel=""noopener"">bergischgladbach.de/buecherei</a>",
"Stadtteilbücherei",50.965585319568085,7.160332247472362,ausleihen,"Bücher, Hörbücher, Musik, Filme - sowohl vor Ort als auch online über onleihe und filmfriend","Arbeitsplätze, Internet, W-Lan, Videospiele, 3D-Drucker","Schloßstraße 46-48, 51429 Bergisch Gladbach","<a href=""https://www.bergischgladbach.de/buecherei.aspx"" target=""_blank"" rel=""noopener"">bergischgladbach.de/buecherei</a>",
"Stadtteilbücherei",50.997481995892855,7.096780371048125,ausleihen,"Bücher, Hörbücher, Musik, Filme","Arbeitsplätze, Internet, W-Lan, Videospiele, 3D-Drucker","in der IGP: Borngasse 86, 51469 Bergisch Gladbach","<a href=""https://www.bergischgladbach.de/buecherei.aspx"" target=""_blank"" rel=""noopener"">bergischgladbach.de/buecherei</a>",
"Spieleverleih",50.992333760169444,7.132773950298646,ausleihen,"Verleih von Spielgeräten, Gesellschaftsspielen, Musikinstrumenten, Kostümen, Popcornmaschine etc.","Buchmühlenstraße 12, 51465 Bergisch Gladbach","<a href=""https://mehrgenerationenhaus-gl.de/spieleverleih/"" target=""_blank"" rel=""noopener"">mehrgenerationenhaus-gl.de</a>",,
"Bibliothek der Dinge",50.93707306064523,6.956478936167039,ausleihen,"Werkzeugmaschinen, Musikinstrumente, Outdoorspiele etc.","In der Stadtbibliothek Köln - Jahresbeitrag Erwachsene: 36 €","Hohe Str. 68-82, 50667 Köln","<a href=""https://www.stadt-koeln.de/artikel/68411/index.html"" target=""_blank"" rel=""noopener"">stadt-koeln.de</a>",
"Saatgutbibliothek Leverkusen",51.03310198241025,6.98852053843757,ausleihen,"In der Stadtbibliothek Leverkusen","Samentütchen können ""ausgeliehen"" werden. Aus einem Teil der Ernte wird neues Saatgut gewonnen, welches wieder in der Stadtbibliothek abgegeben wird, damit es im nächsten Jahr erneut „ausgeliehen“ werden kann.","Friedrich-Ebert-Platz 3d, 51373 Leverkusen","<a href=""https://www.stadtbibliothek-leverkusen.de/Bibliothek-vor-Ort/Hauptstelle/Saatgutbibliothek"" target=""_blank"" rel=""noopener"">stadtbibliothek-leverkusen.de</a>",
"Atelier KLKS",50.990621657298014,7.131819225949197,jugend,"Kulturpädagogischer Kreativraum","Maria-Zanders-Anlage 2, 51465 Bergisch Gladbach","<a href=""https://atelier-klks.com"" target=""_blank"" rel=""noopener"">atelier-klks.com</a>",,
"Café Leichtsinn",50.99237788025311,7.12926310969041,jugend,"Inklusives Jugendzentrum","Dr.-Robert-Koch-Straße 8, 51465 Bergisch Gladbach","<a href=""http://www.cafe-leichtsinn.de/"" target=""_blank"" rel=""noopener"">cafe-leichtsinn.de</a>",,
"Jugendzentrum Cross",50.99237788025311,7.12926310969041,jugend,"Jugendzentrum","Mülheimer Str. 211, 51469 Bergisch Gladbach","<a href=""https://www.kja-lro.de/einrichtungen/jugendzentren-00001/cross-00001/cross/"" target=""_blank"" rel=""noopener"">kja-lro.de</a>",,
"Ufo Jugendkulturhaus",50.96216767664649,7.148411109689627,jugend,"Jugendzentrum und Kultureinrichtung","Kölner Str. 68, 51429 Bergisch Gladbach","<a href=""http://www.awo-rhein-oberberg.de/jugendzentren-bergisch-gladbach-ufo"" target=""_blank"" rel=""noopener"">awo-rhein-oberberg.de</a>",,
"LOKI - Lokales Leben, Offenheit, Kreativität und Integration",50.95891333367159,7.165697527831383,jugend,"Quartiersprojekt im Wohnpark Bensberg","Reginharstraße 40, 51429 Bergisch Gladbach","<a href=""https://www.bergischgladbach.de/loki.aspx"" target=""_blank"" rel=""noopener"">bergischgladbach.de</a>",,
"Kreativitätsschule",50.96121538104622,7.115155338634734,jugend,"Kunstschule und Jugendclub","An der Wolfsmaar 11, 51427 Bergisch Gladbach","<a href=""http://krea-online.de/"" target=""_blank"" rel=""noopener"">krea-online.de</a>",,
"Kinder- und Jugendzentrum FRESCH",51.01455975262172,7.081784991994228,jugend,"Jugendzentrum","Am Schild 33, 51467 Bergisch Gladbach","<a href=""http://fresch.net/kontakt/"" target=""_blank"" rel=""noopener"">fresch.net</a>",,
"Q1 Jugend-Kulturzentrum",50.99101603865357,7.134330725117668,jugend,"Jugendzentrum","Quirlsberg 1, 51465 Bergisch Gladbach","<a href=""https://www.q1-gl.de/"" target=""_blank"" rel=""noopener"">q1-gl.de</a>",,
"Kunstlabor der Villa Zanders",50.99090011048918,7.130589644216462,jugend,"Jeden zweiten Samstag im Monat von 14.00–17.30 Uhr","Inklusives Workshopangebot für Jugendlichen ab 13 Jahren und junge Erwachsene, kostenlos und ohne Anmeldung","Kreatives Ausprobieren: Du kannst verschiedene Drucktechniken testen, zeichnen oder malen.","Unterstützung: Ein junges Team hilft dir bei der Ideenfindung und zeigt dir die aktuellen Ausstellungen im Museum.","Konrad-Adenauer-Platz 8, 51465 Bergisch Gladbach<br><a href=""https://villa-zanders.de/bildung-und-vermittlung/vermittlungsformate/kunstlabor/"" target=""_blank"" rel=""noopener"">villa-zanders.de</a>"
"Refrather Treff",50.95834132937392,7.110657386196509,begegnung,"Offene Angeboten, Kurse, Einzelveranstaltungen","Nutzbar für eigene Veranstaltungen und Treffen.","regelmäßiges Reparaturcafé in Entstehung","Quirlsberg 1, 51465 Bergisch Gladbach","<a href=""http://www.ov-bensberg-refrath.drk.de/"" target=""_blank"" rel=""noopener"">ov-bensberg-refrath.drk.de</a>"
"Mittendrin",50.99177630036689,7.134384548241634,begegnung,"Begegnungsstätte für Senior*innen","Hauptstraße 249, 51465 Bergisch Gladbach",,,
"Traumlädchen",50.993794975081606,7.1247428290212405,begegnung,"Begegnungsort von Die Kette e.V.","Paffrather Str. 70, 51465 Bergisch Gladbach","<a href=""http://www.die-kette.de/"" target=""_blank"" rel=""noopener"">die-kette.de</a>",,
"Himmel un Ääd",51.0146212118791,7.079635379359139,begegnung,"Begegnungscafé in Schildgen mit vielfältigem Programm","Altenberger-Dom-Straße 125, 51467 Bergisch Gladbach","<a href=""https://www.himmel-un-aeaed.de/"" target=""_blank"" rel=""noopener"">himmel-un-aeaed.de</a>",,
"Schere.Stein.Papierflieger",50.98345369853518,7.10131462304685,begegnung,"Ort für Begegnung, Teilhabe und kreative Ideen in Gronau","Mülheimer Str. 60, 51469 Bergisch Gladbach","<a href=""https://sspapierflieger.de/"" target=""_blank"" rel=""noopener"">sspapierflieger.de</a>",,
"Hermann-Löns-Forum",50.98906034955569,7.1047590753592695,begegnung,"Begegnungsstätte für Jung und Alt + Kita in Hand. Verschiedenste Angebote wie Sprachcafé, Kinoabend, Hausaufgabenbetreuung, Spieleabend, Fitness- und Kreativkurse, u.v.m.","Willy-Brandt-Straße 20, 51469 Bergisch Gladbach","<a href=""https://www.hermann-loens-forum.de/"" target=""_blank"" rel=""noopener"">hermann-loens-forum.de</a>",,
"Mehrgenerationenhaus",50.99241161243895,7.132951843509232,begegnung,"in der VHS, verschiedene offene Treffs","Buchmühlenstraße 12, 51465 Bergisch Gladbach","<a href=""https://mehrgenerationenhaus-gl.de/"" target=""_blank"" rel=""noopener"">mehrgenerationenhaus-gl.de</a>",,
"Die Kette",50.99396756982286,7.124682051141894,hilfe,"Unterstützung für Menschen mit einer psychischen Behinderung","Paffrather Str. 70, 51465 Bergisch Gladbach","<a href=""http://www.die-kette.de/"" target=""_blank"" rel=""noopener"">die-kette.de</a>",,
"Die Platte e.V.",50.988204796164055,7.122629306396182,hilfe,"Hilfe für Obdachlose","Hauptstraße 82, 51465 Bergisch Gladbach","<a href=""http://platte-ev.de/"" target=""_blank"" rel=""noopener"">platte-ev.de</a>",,
"Bergisch Gladbacher Tafel e.V.",50.98910450750091,7.122442654885477,hilfe,"Gemeinsam gegen Lebensmittelverschwendung - Helfen. Teilen. Versorgen.","Kalkstraße 43, 51465 Bergisch Gladbach","<a href=""https://www.bergisch-gladbacher-tafel.de/"" target=""_blank"" rel=""noopener"">bergisch-gladbacher-tafel.de</a>",,
